"","x"
"1","base hit video girl games grounded toddfraz bases wanted night touch vehicle background denver hand run left single season taped"
"2","school catholic find espionage security case youth sweet girl number fingerprint inside rickygervais findginny county taco password owners times toyota"
"3","van chicago dogs doggy daycare sophiabush yesterday found care inside day breaking dog missing abc kidnapped huzzah http://t.co/twtk pqaro police"
"4","yacht sydney man fugitives arrested mystery paul case painting lauren murder zealand coach bynr police cold iartg shades carr's amenl"
"5","breakingnews pdchina cats festival yulin husky siberian furbabiesuk missing/stolen tootting ngdx stolenbikes_uk sleepy_badger safe turkey return freearturo iraq auto vehicles"
"6","picture stranger picking cancer family year-old treatment patient los truck angeles traveling abc http://t.co/sanuoy bike today years facebook living woman"
"7","follow girls findtopesy missing data findmopup records billion cute selfie sexy nsfw selfshots selfpic flbp dtcw breach report gemalto published"
"8","illicit tobacco change cigarettes market regulation read hell looted significantly lede willsommer weekend fund fashola coinbase saint exchang roundup lagos"
"9","banks million hackers world group reportedly unknown nytimes possibly http://t.co/voj http://t.co/mdgvx don't gox experience barrysilbert heist edit steal massive snatches"
"10","gas wages israel uniteblue palestine jordan purchase authormaggiep awarded fiftyshades nwmwaypolice fiction pay historical papa unpaid johns overtime sabirabumaryam tiger"
"11","ice vanilla property thought police trash cops told search warrant home dmgame executed goods car looted arrested private number rapper"
"12","protect_wldlife whattheffacts calf itsmainakageni jeanhonorefragonard nialls ilvamorgan day mining algeria artwork stol ªiï netherlands foto museelouvre kishor_verma ladyflower f-bomb jus"
"13","imagine pet washingtonpost rally duoduo police kings vehicle exit refusing suspect demands work norton scout heath money minibus developing white"
"14","looted isis antiquities funding newton helmut syria masterpiece selling main sources rudawenglish photographs hand work war photos iraq munitions jag"
"15","thieves return mom asks robbery ashes baby's arizona mother years finds baby foxnews weeps africa cos app finance global cyber-heist"
"16","banks billion cyberheist jasonabela love steal hackers tickets cybercriminals worth sophiegericke onedirection seat theellenshow breathing floor countries carbanak chinatopix late"
"17","vehicles police recovers chipped force findourpup task read long loved baby hearts vetsgetscanning broken message reward anyon ganmbrb short newbelgium"
"18","cars car pretty looting lies people money police heart report busy animals govt queen tonight killed innocent cries pakistan don't"
"19","heart broken girls strong ohteenquotes game tribute deah shoes added curry today's theblahdalia barakat's stephen bobongwords today dailytxtmsg robber petrol"
"20","bitcoin exchange bter chinese hacked million wallet cold hack claims news btc coindesk cryptocurrency offering bounty bitcoins thenextweb announces dqd"
"21","killers parade benghazi islamist annebayefsky red satetruck alexandriavapd headlines find calling twitter created made career call truck moment van dorn"
"22","kisses bike pic brown seat today love grips carl_the_beard find chester nelson eye fate illicit day giveaway valentine photography tsuboi"
"23","post blog model hot latina people jrlewisauthor ebony stolenvideo child wet gorgeous sexy release lives thriller female veryhorny joseph lewis"
"24","justice market meat sold dog rally nbcnewsworld duoduo http://t.co/sofor books germany returns worth million euros killing delayed italy details italian"
"25","hey niall phone ring foxnews dgdtheband dozens hacking pics girl posted must've melissa lost kissing nokia zayn's they'r dwwaupdatesww tour"
"26","dogs daycare doggie inside gunpoint vehicle chicago abc van http://t.co/hkoqniosmx http://t.co/dlijooixuj doggy armed ûï@abc day carjacking staceybacaabc delivery care canada"
"27","pls sam pony cropston contact grey leicestershire keeleyspetserv scam nsel find exchange commodity vivekkapoor wyphorses plz leicesterraces home rex_wendy doglostuk"
"28","car man police burbank standoff vehicle arrested driver ktla chase suspect news bank update robber money shot exits half-naked barricades"
"29","sex porn shot xxx security food lt;&lt read cheese pussy thehackersnews http://t.co/yql zyjh teen ass crush fuck mong kunan sinubukan"
"30","share tweets tomorrow article crediting w/o thinkers natashavianna expe kind hour sandymoor pls ktmbikesuk cheshirepolice akacorbindallas stockybeat ourheath wild_bikes hindu"
"31","secret unit arms mideast bloodshed illicit iranian fueling shipments cnn iran'ian zdf iran nonucleariran htt card memory camera news photographer"
"32","police recover car man recovered pants customers yoga vehicle arrested parking suspect day truck valentine's burbank delta levi's levi officers"
"33","loot crate tonight polarisbikewear home box geek gamer offices monthly subscription gafe capcycom http://t.co/fgz lootcrate bring letouryorkshire sustransyorks yorkshire ûïstolen"
"34","isis looted buying artefacts funded syrian partly independent worth million ransack dollar banks thing global succeed gett simondlr jfbvdh http://t.co/kawhnonsyd"
"35","looting looted looters money india people country congress police govt narendramodi party pls poor silver nation watch west can't corruption"
"36","death year beats dolphins dogs consumption rally yulin buckingabout duoduo bottlenose captivity coveguardians livestream today's concluded taiji worst indirect report"
"37","yung lang picture kaibigan mapagtawanan â_ù ang hahaha izu-zoom shot haha vicegandalines kahit shots mga woman mong para ako ganda"
"38","billion banks hackers hacker gang steals reportedly jrlewisauthor data lives book joseph records lewis indie featured forbestech ajenews child-trafficking crew"
"39","banks billion tax crew hacker forbestech http://t.co/afs http://t.co/iduhuhgkuy hsbc tweet bet i'll caught art they've swiss lives thieves hang fridge"
"40","south brought ukraine plant money russian russia online moved invaders houses looted lasharis days retweet empty send omojuwa troops abuja"
"41","van dogs day care chicago found gunpoint doggy safe inside dog news abc west daycare doggie update river recovered missing"
"42","family pet voice consumption enddogmeat dogheirs bike reported it's hard priests taxes prev mch antiquities continues pnoy cmpared presidents.wyl act"
"43","lose didn't lol border terrier reunite ddemslovatoo friend grimmers ginny cherry lips findginny sad qnphuee utorak real_liam_payne louis_tomlinson today ûï@findginny"
"44","antiquities isis men looting syria monuments protect wsj funds looted racing meet syrian heritage critk reports armed terror fighters american"
"45","harry home anne update tonight picture tweeted office dashboard time confessional dog victims would've data bring police san thestylespics move"
"46","illicit date nbatv report financial flows mbeki problem africa thabo stem wealth nigeria thief burn ûïtrue corruptconcern love looters est"
"47","love don't dragon heart live beccamannauthor quanx idea cats bbc ûïwould win recovered miss haven you've looting good valuable police"
"48","meat thetimes looting people shops save foreign destroyed demand lives dog zuma pets local cambodia innocent crackdown nationals petition support"
"49","banks malware millions report sophisticated hackers global security bank group number hacking skynews steal globe ring penetrating cash wait jeff"
"50","office kenroth police pvcs delta infrastructure retrieved okgist total phones http://t.co/cvluj vehicle millypod nov gmq number aap nagar patel subhajitsg"
"51","hackers easy steal money banks firm millions card numbers credit dollars presumed findtopesy billion forbestech cornwall possibly city spot personal"
"52","dog missing lost cat reward petsarefound owners wheresmyannie dogs finds pls chipped hope share russian calico find family spread possibly"
"53","gold medal kelly commonwealth games sotherton's findginny sotherton gave monitor athlete keys approval telecom encryption communications companies nsa ability w/o"
"54","shoes all-star stephen curry's weekend glances cr.owner exoffical http://t.co/uamrkmfo bleacherreport curry nba report pairs steph saturday looting finding katrina hurricane"
"55","pls police car opinion recovered looted bike nsel burglary stole vehicles check recently friend vehicle govt integrity list policeng ewnupdates"
"56","kellysotherton gold medal commonwealth thing find melbourne burgled...one lostboxuk burgled bbcsouthnews zionism kick enigmanetxx k_dubb andrewsuavity rawsports brianmejianfl http://t.co/owq mmtzwq"
"57","history white day house helicopter lands man lawn women mental_floss generations i'm indigenous hate http://t.co/omvtamik passion things interested school children"
"58","br_stolen blogkatia fricelivieira aeciofaraujo dance barcelos_nubia por illegitimate demands pimentabeth delhi aap funds pictures mga mukha josemeseverri bobongphrases bkjfng para"
"59","puppy pls clairebeargdl bolton tongemoor ibi sky helpfindthem reunited firm cybersecurity claims viiktucqh doglostuk hesap sorar claire_gresty vetsgetscanning ljtgj follow"
"60","bank largest hackers approximately heists cnn http://t.co/lwwg wrlp robbery possibly abandoned campus suspect vehicle fled custody car freedom square thetowerlight"
"61","missing bjp silent gold looted money temple swamy outrage bringourlootedmoneyback sri padmanabha lunch he's beautiful reds buckeyeedge shanknaad kilograms back"
"62","paradise attention house back intercourse told police info george washington truth burgled illicit call ref tree message tips cherry axe"
"63","looting africa resources china stand tax saveafricananimals world illicit firm banks attack australian drugs choice hit hacking unprecedented opseaworld just-in"
"64","dog missing wesleystromberg's fluffiness zeus andrearussett http://t.co/apcxzqmk car make call left fault culture gotta overs it's ancestors stripped delafro pls"
"65","stole pets risk unbearable xhnews wwe gear raw bellatwins highlights paintings toronto toys creek university thousands coconut couple produce accused"
"66","illicit set demands expose jonathan obasanjo's act antiquities obasanjo'''s sets movie idea car gej time iconic starring obj's click woman"
"67","tweet feel princexfbgm damn nick reason uiogzemnl alive cannon troytheblackguy bir insan olur hacked safety anthem net provider wellbeing black"
"68","ndtv timesnow anti-hindu headlinestoday debate the_dogangel htt baitdogs temple looted oldest hindu aajtak bihar neelakshigswm good free what's happening africa"
"69","land israel illegal jaffa bds zionist palestinian nyc eddie grapefruits probe bring oranges ordered find documents wondering internal reliance sharmanagendar"
"70","billion ring hacking banks world hackers years passwords biggest firm million security banking database worldwide frequency http://t.co/bjhk dataviz randal_olson bmtgl"
"71","it's people dressings ultrasound america you're illegally give vice free trains muslim hobo ancestors riding slave pizzas handjobs freight content"
"72","pls video dreams support official bringbackourgirls rgwbamli dogsmissing youtube rgwasln ben cody medical bi_creezy wale identify threat month ncixdotcom motorbikes"
"73","church delhi obama issue raised therenouncer main channel kbc released passwords million website lime crime h/t marshacollier yry hacke hacked"
"74","funds area majority work rt_com wanted russia illicit nigga poros hyperx page it's sea gonna instagram milan bitch connections museum"
"75","looted antiquities funding video bbc investigation evidence gathered goods crawford-browne trades rmr woolworths_sa news woolworths boycottwoolwort looting sebheupdate syria country"
"76","speak snake feb waters shit australia russian satisfy blackfish dolphinariums habitat bornfree ilovepaul bike sightings call car white ford home"
"77","beaten pets crates crammed suilee govt markets info action warns stern sebi major budget corporateespionage speech regulator church amid completed"
"78","town abc van west breaking police chicago carjacked doggie daycare vehicle crash suspects chase names leading palmdale news hxdgqsa http://t.co/aksju"
"79","ühü üјü ü܈ü ۈühüá ۈühüµ üӈü ü܈üµ üӈüǉü ühüâ mengie fpp û_that's bad...rt willgoodbody http://t.co/ekyxb bestvpns mapa wooh joraldmendoza heart"
"80","hearts leave girls smart don't don taking young black fern findfern yrs spaniel today chessington female plz qbcjl doglostuk show"
"81","serata buona artlovers giuseppeturrisi bag reported advanced night paramedic fgi http://t.co/ofxa ldn_ambulance police north crew treating patient ute car carlton"
"82","plz pls puppy doglostuk bolton onh tongemoor awef gez mrslouisebrown msm lisa colorado whoring myriad night-cars bike things hotels find"
"83","tom crean sbnation picture defining lvkgvm http://t.co/anygpbw riches ordinary soul precious things real infinitely bestoscarwilde citizen concerned fro photo thief"
"84","cannondale bikes xterrasam carbon pic retweet distraction people west thefts we're alert alerting cashpoints bike trailer large innocence wheels male"
"85","bag equipment piece valor yesterday powerful similar ldn_ambulance airway williams read brian ewn hollywood latest lies release film dan wake"
"86","card credit cards languages bukolasaraki great man police info debit money information woman bank feast gift amazon report people account"
"87","â_ù ashes baby's mother burglary arizona baby phoenix return skynews lisa mona boy whattheffacts pleads home burgled pleaded http://t.co/sueq oog"
"88","antiquities isis makes selling millions looting china alarabiya_eng resources ysz vus balochistan baloch wife pakistan natural husband occupied angry rlhq"
"89","couple churches moments international gauravaery sensation chiefelk vandalize:become straight nyfw ktz_official crazy collection racist üǉü britishvogue colourful catwalk photos returned"
"90","art antiquities dealers illicit man millions smuggled make end money syria looted frm medcanpoet prohibition licit moscow_ghost cannabis repeal making"
"91","bitcoin atms amsterdam dutch missing news cornwall reward months ess female large find b&amp;w http://t.co/undgkdfv aramiarami cointelegraph cryptocurrency anonymous looted"
"92","truck food call week alexandria missing ago pain dog meg bradford frm medication doglostuk wilsden htt bike satetruck police clairebear"
"93","illicit husband's cruelty hear answer eff nsa's gchq question drugs relationship court affair drug timesofindia author men nancy radke possession"
"94","mask fox news lives ama valor anlayana ùte antiquities called report tonight woman record watches majora's looters laser reports business"
"95","illicit urban revolution lipstick decay foto looters looting leader bill thing gates richer man pic corrupt country gold life haha"
"96","share games missguided card husky heart rvaidya credit pizza raviyogarajan findmyhuskypup compromise idols lostdog reward vxbz ece who's info love"
"97","enddogmeat food sold nbcnewsworld alive boiled win enter entered pet dragonette tera auto-looting swag pack oil profit min leaked eastenders"
"98","india world cup pakistan cricket beat sportscenter airport plane boeing aircraft resources corporates telecom looting country's devinder_sharma parents bgsremix pellyjayftoritsefemi_bumper"
"99","findmurphyhusky murphy dog good bradford trace sends campaign wishes queen njh pawcircle back damage mace god govt michell completely delhi"
"100","phone car i'm don't lol â_ù money back shit people it's lost night can't today fuck time i've iphone that's"
"101","weapons returned yemen requesting account bike state twitter quad spam statedept tweet ahmettsmsk u.s anontr_freepala hollyfisher friends rebels salute ocean"
"102","news art reg tonight details car stop school mates national christian info cubs cheetah niallmurray ixullirm dylannd cheetahs smuggling nazi-looted"
"103","man richest billion it's nypost mind earth make putin's http://t.co/irefw cebu putin fortune world investor ubutxgugr world's vladimir person robbed"
"104","jewelry share statue worth police child men burglaries happen car milly suspected sale alleged world robbery findmilly narendramodi temples managed"
"105","putin billions wealth hundreds russia's browder room euromaidanpress i've garden dressing harry_styles edsheeran great phoenix_cycles night bikes samantha skye's bromptonbicycle"
"106","shoes curry ahead contests stephen all-star weekend ferguson guess caught dozens cameras looted arrested report looters steph video basketballtalk theblaze"
"107","sophiegericke theellenshow tickets bike lmao nigga temple hindu trappokemon kjnlume onedirection delhi vandalised neelakshigswm taylorlynn soph form pls house ticketsforsophie"
"108","looted back bringing nation assets citizens pak committed abroad pti ensuring declare imrankhanpti trike orange alison's flirtcafebar hunt big join"
"109","show auction coal timesnow results afraid quiet ndtv headlinestoday ibnlive mediacrooks blackened faces&gt cat media wont report incredible rishibagree things"
"110","bike cube nigeria stolenride illicit kim jphmcsorley ups looting blockchain bitcoin meganet cryptocurrency round-up lemond chambery atms london bethanrjones money"
"111","rise stop getmurphyhome enemy pet imagine god bramble scruncher dogtheft zacandblu restore findmurphyhusky vehicle rover crown photo range joy arsenal"
"112","time it's bitcoin ago hour kevcawley illicit back people find citizens looting married affair mandate vigilant dating fetch art offering"
"113","looting tinubu lagos full story worth massive naira uncovered cashed ain't trillions û_the soldier remi drive connection build company carjacker"
"114","shame car found local february social driving media guildford stopped forgot surreyroadcops affected news morning documents kotnewsat itsmainakageni olelenkubelike bringourlootedmoneyback"
"115","back spread remember news awful message generations werengland hear info contact we're crimestoppersuk labor anonym compensation chocolate word bill indirect"
"116","vehicle drake driving teen records rapping kprc uwxrl ayacwppd ûï@kprc cold block story relieved nwdogrescue delighted saddened stitch woes ave"
"117","indian home looted torched bother seculars criminals family pjmooney furbabiesuk valor planlost_stolen stolenandstray doglostuk judysale lie helpfindthem lostboxuk exclusive merch"
"118","thousands raid tens pounds worth home man cash shades news answer police grey hampshire security fighting business firm minya humans"
"119","photo english valentines girls stephthekidd http://t.co/hfppolddzv themaine stole wow yeah march sisters putin dandelmar middle memorial society hell identity east"
"120","liberalism looting america mixtape tcot bike ecd ûïhomesick àčä wakeupamerica modulo ð܋ûâ mgyoya â܋ģ destroying legalized jjauthor peddoc ericbolling smart"
"121","girl she's man beautiful bulldog distraught that's american steals owner sale manchester missing mjkspeaks info darling longsight the_animal_team kathwinkies phone"
"122","tweet find huge white it's rishibagree alfiebeardie funny chihuahua josh that's season car real meth docinreallife wheelingprobs rosiechihuahua clear start"
"123","clown found truth home park sex council rotherham children looters wild data amusement creepy demand offender's years treasures destroy isis"
"124","puppy sos luke animal rescue joliet shelter sick boy ùôû blue audi chicago eyed ily hemmings aka mutual cutest creature"
"125","dogs voice yulin khou selfie singing teen vehicle recorded porte inside rntzht hounews suspect secrets ugly reunited car exposing mud"
"126","police chief scandal gun laptop fired california check stolen-gun free follow illicit stories offered feature grateful kensington giant qdjs university"
"127","thieves family pets profit festival supply meat barbaric rally duoduo sarahmclachlan black teens movie horse mob high florida nytimes mall"
"128","millions killed meat pets guangdong sign rescued!stolen guidedog rally duoduo banks looters feed elite report poor i'll malware sophisticated apologise"
"129","keys encryption sim nsa report cards bombshell reveals millions data black market health care ggreenwald spies gemalto card reward baronvongrumble"
"130","heart weeks happyvalentinesday dog annasaccone newpuppy pugalier http://t.co/uttx murqo illicit sex door opened psycho explore tcm filmmakers daysofoscar xcnsibvz abc"
"131","london microchipped puppy reward open doglostuk plz ivor remain taiji saved revival sparked m.e.n htt fact you've ipod record records"
"132","eating celebrating cherished harming pets festival hln rally duoduo brad pitt named gma http://t.co/hlqpjhlwod dduiy iran facts here's weapons smuggles"
"133","looted funds lagos fashola real revenge exposed billion sex hidden porn girlfriend spy xxx cam teen exgirlfriend voyeur http://t.co/ffanvvgwzz report"
"134","dance chance milky nowplaying youtube album version playing listen milkychance video live radio song parliament pensions vì_a lies basis edit"
"135","looted making million ancient isis smugglers antique mailonline i've baby albino antiquities bed syria daily people found art item amazon"
"136","oil looting youtube antiquities money vì_deo intro gostei source smuggling islamic wsj test second-largest police state's pdx sync fabiogamer portland"
"137","phone back photos make contacts rickypdillon lightprooflouis replace bike babies yahoo fans guests shit police lwtwxv http://t.co/rsoh bikes donated holy"
"138","kellysotherton gold commonwealth medal thing find melbourne burgled...one drivers design control helmet hinchtown ban changing loot lakh onlysinghlion birmingham_if lostboxuk"
"139","mile colorado interstate marker sign read officials change uberfacts haircutmeme thefunniestkids stole mindblowing awkwardgoogle mfalk norcal area r_surratt ban trending_posts"
"140","looting soldiers dead ukrainian camera dajeypetros ckohuts debaltseve ceasefire wildmcdill barbarussians time today spend lot properly boyfriend website booo roh"
"141","time limelight balotelli sturridge's vonstrenginho tsbible https://t.co/bd zsrzpyq footbalifights https://t.co/gbbkbhp ice vanilla thought property cops told trash school xtian mnshzz"
"142","looted palace recovering iolani hawaii furnishings cars antiques shots epic èҕȩ ôöô_ô guy motorcycle ôãôâôö nyt unacceptable honda eve lt;a"
"143","i'm day heart it's phone love don't back i've people good car time today can't life happy bad you've lol"
"144","worth gold robbery estimated banks cyber targets cares unprecedented bbcworld find http://t.co/fwwhokum parents border terrier month iphone support destroyed cemetery"
"145","all-star stephen illicit nicekicks financial flows curry kicks shoes stephencurry sneakers weekend breaking shivambu curry's africa dollars zuma number effparliament"
"146","banks billion hackers gang findmywaggon tweeps bank cyber world criminals report millions morning heist kaspersky computer institutions complex_uk financial stole"
"147","antiquities israel collection museum donated york philanthropists donate nyc rspcahull donating art jerusalem gift liverpool major hide ancient netanyahu receives"
"148","antiquities funding trade boys islamic year-old letter bigger back syrian findfern sources dog boy main writes sweethearts isil state's break"
"149","looting leader looted youtube video speak idols whoispatwari pakistan temple patwari raid pitbull rvaidya home raviyogarajan back destiny legendary police"
"150","today's paper bangladesh bunibroto hey enjoy guys law land republicans natives immigrants face immfacts account wait looting can't apc governors"
